,event_id,event_timestamp,event_data.user_id,event_data.transaction_currency,event_data.transaction_amount,transaction_amount_usd
0,28039,2010-05-22 23:57:47,36835c60-5bcb-11ed-84c2-8afbeb371208,EUR,1.99,2.587
152,27707,2010-05-21 23:54:19,1773880e-5bcb-11ed-84c2-8afbeb371208,USD,4.99,4.99
240,27498,2010-05-18 22:57:33,18bde29a-5bcb-11ed-84c2-8afbeb371208,USD,1.99,1.99
415,27608,2010-05-20 22:05:38,2568a1ec-5bcb-11ed-84c2-8afbeb371208,EUR,0.99,1.287
502,27619,2010-05-20 22:48:57,2b3a0020-5bcb-11ed-84c2-8afbeb371208,USD,0.99,0.99
516,27751,2010-05-21 23:59:46,2f15acee-5bcb-11ed-84c2-8afbeb371208,USD,0.99,0.99
562,27676,2010-05-20 23:26:28,1879f3f0-5bcb-11ed-84c2-8afbeb371208,EUR,0.99,1.287
644,27731,2010-05-21 23:54:20,24d70ffc-5bcb-11ed-84c2-8afbeb371208,EUR,1.99,2.587
653,28046,2010-05-22 23:59:41,2b72edcc-5bcb-11ed-84c2-8afbeb371208,EUR,0.99,1.287
716,27535,2010-05-19 20:42:30,1852d46e-5bcb-11ed-84c2-8afbeb371208,EUR,1.99,2.587
761,27636,2010-05-20 23:50:25,1cd96610-5bcb-11ed-84c2-8afbeb371208,EUR,0.99,1.287
822,27963,2010-05-22 23:58:37,2e18fddc-5bcb-11ed-84c2-8afbeb371208,EUR,0.99,1.287
852,27821,2010-05-21 23:58:19,2a921ff4-5bcb-11ed-84c2-8afbeb371208,USD,0.99,0.99
988,27886,2010-05-22 23:35:37,40a9082a-5bcb-11ed-84c2-8afbeb371208,EUR,1.99,2.587
996,27457,2010-05-16 22:14:43,170d0fca-5bcb-11ed-84c2-8afbeb371208,USD,1.99,1.99
1023,27423,2010-05-11 18:49:38,16df6368-5bcb-11ed-84c2-8afbeb371208,EUR,0.99,1.287
1043,28035,2010-05-22 23:57:36,33b16e0a-5bcb-11ed-84c2-8afbeb371208,USD,1.99,1.99
1063,28043,2010-05-22 23:58:33,333064ae-5bcb-11ed-84c2-8afbeb371208,EUR,2.99,3.8870000000000005
1152,27616,2010-05-20 23:29:21,26f92086-5bcb-11ed-84c2-8afbeb371208,EUR,0.99,1.287
1175,27940,2010-05-22 23:57:32,2dda2e5e-5bcb-11ed-84c2-8afbeb371208,EUR,0.99,1.287
1293,27620,2010-05-20 23:30:37,26aa33cc-5bcb-11ed-84c2-8afbeb371208,EUR,0.99,1.287
1368,27573,2010-05-19 20:56:59,1b594742-5bcb-11ed-84c2-8afbeb371208,EUR,1.99,2.587
1433,27454,2010-05-16 22:12:11,19833964-5bcb-11ed-84c2-8afbeb371208,EUR,0.99,1.287
1436,27462,2010-05-16 21:47:37,17c87c74-5bcb-11ed-84c2-8afbeb371208,EUR,0.99,1.287
1439,27657,2010-05-20 23:18:03,292d15c4-5bcb-11ed-84c2-8afbeb371208,EUR,1.99,2.587
1441,27848,2010-05-22 21:07:23,2795a5c8-5bcb-11ed-84c2-8afbeb371208,EUR,0.99,1.287
1504,27595,2010-05-20 13:41:43,198aad66-5bcb-11ed-84c2-8afbeb371208,EUR,2.99,3.8870000000000005
1548,27971,2010-05-22 23:59:15,1b9cd2aa-5bcb-11ed-84c2-8afbeb371208,EUR,0.99,1.287
1565,27497,2010-05-18 23:54:42,199b531e-5bcb-11ed-84c2-8afbeb371208,USD,1.99,1.99
1587,27480,2010-05-17 22:31:17,1a1a6b4a-5bcb-11ed-84c2-8afbeb371208,EUR,1.99,2.587
1724,28015,2010-05-22 23:58:50,3c42f980-5bcb-11ed-84c2-8afbeb371208,USD,0.99,0.99
1736,27543,2010-05-19 18:38:45,173a68e4-5bcb-11ed-84c2-8afbeb371208,EUR,0.99,1.287
1816,27943,2010-05-22 23:57:33,3d138140-5bcb-11ed-84c2-8afbeb371208,USD,1.99,1.99
1826,27696,2010-05-21 23:57:24,2d5cbb86-5bcb-11ed-84c2-8afbeb371208,EUR,0.99,1.287
1905,27662,2010-05-20 23:24:09,25b665da-5bcb-11ed-84c2-8afbeb371208,EUR,0.99,1.287
1931,27523,2010-05-18 23:03:42,1f47c39c-5bcb-11ed-84c2-8afbeb371208,USD,2.99,2.99
1944,27554,2010-05-19 20:31:45,1893acdc-5bcb-11ed-84c2-8afbeb371208,EUR,0.99,1.287
1961,27798,2010-05-21 23:59:46,346961a4-5bcb-11ed-84c2-8afbeb371208,USD,0.99,0.99
1964,27495,2010-05-18 23:08:16,191a2b4a-5bcb-11ed-84c2-8afbeb371208,EUR,1.99,2.587
1976,27603,2010-05-20 16:59:05,2071d938-5bcb-11ed-84c2-8afbeb371208,EUR,2.99,3.8870000000000005
2022,27915,2010-05-22 23:51:28,38757198-5bcb-11ed-84c2-8afbeb371208,EUR,0.99,1.287
2064,27511,2010-05-18 23:20:01,1aea88b6-5bcb-11ed-84c2-8afbeb371208,EUR,2.99,3.8870000000000005
2083,27663,2010-05-20 23:57:29,1f31bd54-5bcb-11ed-84c2-8afbeb371208,EUR,0.99,1.287
2164,27672,2010-05-20 23:48:41,1a5161ea-5bcb-11ed-84c2-8afbeb371208,EUR,2.99,3.8870000000000005
2395,28030,2010-05-22 23:58:33,38a17090-5bcb-11ed-84c2-8afbeb371208,EUR,0.99,1.287
2415,27557,2010-05-19 21:43:11,1b976ce8-5bcb-11ed-84c2-8afbeb371208,EUR,2.99,3.8870000000000005
2425,27566,2010-05-19 23:42:56,200717ec-5bcb-11ed-84c2-8afbeb371208,EUR,0.99,1.287
2426,28048,2010-05-22 23:59:30,44a3fc0a-5bcb-11ed-84c2-8afbeb371208,EUR,1.99,2.587
2493,27895,2010-05-22 23:53:06,376dafa4-5bcb-11ed-84c2-8afbeb371208,EUR,0.99,1.287
2496,27631,2010-05-20 23:18:35,29fa8fb8-5bcb-11ed-84c2-8afbeb371208,USD,2.99,2.99
2550,27610,2010-05-20 21:57:14,19833964-5bcb-11ed-84c2-8afbeb371208,EUR,0.99,1.287
2604,27530,2010-05-19 04:20:00,1f1035bc-5bcb-11ed-84c2-8afbeb371208,EUR,2.99,3.8870000000000005
2656,27958,2010-05-22 23:59:26,3806687a-5bcb-11ed-84c2-8afbeb371208,USD,1.99,1.99
2777,27493,2010-05-18 23:30:59,1a8a9fdc-5bcb-11ed-84c2-8afbeb371208,EUR,0.99,1.287
2813,27678,2010-05-20 23:11:36,243a12a6-5bcb-11ed-84c2-8afbeb371208,EUR,4.99,6.487
2834,27710,2010-05-21 23:54:50,1aad4d84-5bcb-11ed-84c2-8afbeb371208,EUR,0.99,1.287
2854,27611,2010-05-20 16:08:44,1940daec-5bcb-11ed-84c2-8afbeb371208,EUR,0.99,1.287
2867,27951,2010-05-22 23:58:47,240f8586-5bcb-11ed-84c2-8afbeb371208,EUR,0.99,1.287
2904,27824,2010-05-21 23:55:17,1fbf0524-5bcb-11ed-84c2-8afbeb371208,EUR,1.99,2.587
2908,27632,2010-05-20 23:30:24,1f0abd80-5bcb-11ed-84c2-8afbeb371208,EUR,1.99,2.587
2956,27464,2010-05-16 23:38:40,1abff006-5bcb-11ed-84c2-8afbeb371208,EUR,0.99,1.287
2960,27974,2010-05-22 23:58:17,2b9f2586-5bcb-11ed-84c2-8afbeb371208,EUR,2.99,3.8870000000000005
2975,27630,2010-05-20 23:16:23,28e5453c-5bcb-11ed-84c2-8afbeb371208,EUR,0.99,1.287
2999,27927,2010-05-22 23:59:53,2fa1a5f0-5bcb-11ed-84c2-8afbeb371208,USD,0.99,0.99
3025,27814,2010-05-21 23:57:46,18d1eb14-5bcb-11ed-84c2-8afbeb371208,EUR,0.99,1.287
3092,27582,2010-05-19 21:30:09,1c5fc62a-5bcb-11ed-84c2-8afbeb371208,EUR,0.99,1.287
3108,27787,2010-05-21 23:59:36,2e2b9b0e-5bcb-11ed-84c2-8afbeb371208,EUR,0.99,1.287
3255,27711,2010-05-21 23:56:17,1b9b06be-5bcb-11ed-84c2-8afbeb371208,EUR,0.99,1.287
3290,27785,2010-05-21 23:58:58,2d960382-5bcb-11ed-84c2-8afbeb371208,USD,0.99,0.99
3344,27935,2010-05-22 23:58:44,3ffb7048-5bcb-11ed-84c2-8afbeb371208,EUR,2.99,3.8870000000000005
3390,27647,2010-05-20 23:53:15,2ccce434-5bcb-11ed-84c2-8afbeb371208,EUR,1.99,2.587
3412,27513,2010-05-18 23:23:18,1d218878-5bcb-11ed-84c2-8afbeb371208,USD,0.99,0.99
3425,27767,2010-05-21 23:56:01,360ed9ee-5bcb-11ed-84c2-8afbeb371208,EUR,2.99,3.8870000000000005
3442,27502,2010-05-18 23:24:40,1824521a-5bcb-11ed-84c2-8afbeb371208,EUR,9.99,12.987
3446,27986,2010-05-22 23:57:18,4216e1a0-5bcb-11ed-84c2-8afbeb371208,EUR,0.99,1.287
3449,27685,2010-05-21 20:49:34,3224a3e0-5bcb-11ed-84c2-8afbeb371208,EUR,1.99,2.587
3483,27855,2010-05-22 17:44:54,1a1c39c0-5bcb-11ed-84c2-8afbeb371208,EUR,2.99,3.8870000000000005
3504,28000,2010-05-22 23:58:03,22baae4a-5bcb-11ed-84c2-8afbeb371208,EUR,0.99,1.287
3511,27808,2010-05-21 23:56:04,1d8c9262-5bcb-11ed-84c2-8afbeb371208,USD,9.99,9.99
3515,27615,2010-05-20 23:01:02,2c3ba942-5bcb-11ed-84c2-8afbeb371208,USD,0.99,0.99
3578,27567,2010-05-19 22:26:52,17bf78ea-5bcb-11ed-84c2-8afbeb371208,EUR,0.99,1.287
3591,27529,2010-05-18 23:47:59,1628d09e-5bcb-11ed-84c2-8afbeb371208,EUR,0.99,1.287
3592,27551,2010-05-19 22:24:06,17a00eba-5bcb-11ed-84c2-8afbeb371208,EUR,4.99,6.487
3609,27936,2010-05-22 23:58:54,1cfa8e9e-5bcb-11ed-84c2-8afbeb371208,EUR,1.99,2.587
3619,28027,2010-05-22 23:59:25,35a0866a-5bcb-11ed-84c2-8afbeb371208,EUR,0.99,1.287
3630,27860,2010-05-22 21:49:56,3c7c831c-5bcb-11ed-84c2-8afbeb371208,EUR,0.99,1.287
3683,27758,2010-05-21 23:58:19,231363be-5bcb-11ed-84c2-8afbeb371208,EUR,1.99,2.587
3694,27548,2010-05-19 21:39:51,210e290a-5bcb-11ed-84c2-8afbeb371208,EUR,0.99,1.287
3705,27549,2010-05-19 20:35:46,1a9eb01c-5bcb-11ed-84c2-8afbeb371208,EUR,1.99,2.587
3742,27518,2010-05-18 23:32:30,18195996-5bcb-11ed-84c2-8afbeb371208,EUR,1.99,2.587
3745,27443,2010-05-15 19:04:46,16e14bb0-5bcb-11ed-84c2-8afbeb371208,USD,0.99,0.99
3748,27730,2010-05-21 23:55:26,39c1eaea-5bcb-11ed-84c2-8afbeb371208,EUR,4.99,6.487
3762,27869,2010-05-22 22:25:09,46cec3fc-5bcb-11ed-84c2-8afbeb371208,EUR,0.99,1.287
3850,27794,2010-05-21 23:55:30,2d4c557a-5bcb-11ed-84c2-8afbeb371208,EUR,0.99,1.287
3863,28020,2010-05-22 23:58:52,2dc9c514-5bcb-11ed-84c2-8afbeb371208,USD,2.99,2.99
3963,27591,2010-05-20 20:13:34,225f24e4-5bcb-11ed-84c2-8afbeb371208,EUR,0.99,1.287
3989,27545,2010-05-19 23:33:44,1fbf0524-5bcb-11ed-84c2-8afbeb371208,EUR,2.99,3.8870000000000005
4028,27555,2010-05-19 22:21:53,21415ef6-5bcb-11ed-84c2-8afbeb371208,USD,0.99,0.99
4053,27609,2010-05-20 17:26:47,2cd07978-5bcb-11ed-84c2-8afbeb371208,EUR,0.99,1.287
4124,27780,2010-05-21 23:57:09,30b0a284-5bcb-11ed-84c2-8afbeb371208,USD,2.99,2.99
4159,27532,2010-05-19 13:47:20,24a6e00c-5bcb-11ed-84c2-8afbeb371208,EUR,1.99,2.587
4169,27762,2010-05-21 23:58:54,2d33ecc4-5bcb-11ed-84c2-8afbeb371208,EUR,2.99,3.8870000000000005
4210,27788,2010-05-21 23:58:32,180a8470-5bcb-11ed-84c2-8afbeb371208,EUR,2.99,3.8870000000000005
4225,27682,2010-05-20 23:57:27,1b782536-5bcb-11ed-84c2-8afbeb371208,EUR,0.99,1.287
4338,27601,2010-05-20 15:42:19,272e680e-5bcb-11ed-84c2-8afbeb371208,EUR,1.99,2.587
4365,27805,2010-05-21 23:59:41,231e3e7e-5bcb-11ed-84c2-8afbeb371208,EUR,0.99,1.287
4397,27890,2010-05-22 22:14:16,20a4c79e-5bcb-11ed-84c2-8afbeb371208,USD,9.99,9.99
4400,27899,2010-05-22 23:44:01,40d84d10-5bcb-11ed-84c2-8afbeb371208,EUR,9.99,12.987
4409,27712,2010-05-21 23:58:33,21687b12-5bcb-11ed-84c2-8afbeb371208,EUR,0.99,1.287
4433,27524,2010-05-18 23:49:10,20102f1c-5bcb-11ed-84c2-8afbeb371208,EUR,0.99,1.287
4467,27782,2010-05-21 23:54:12,1e697b96-5bcb-11ed-84c2-8afbeb371208,EUR,1.99,2.587
4490,27760,2010-05-21 23:56:03,18bbf5ac-5bcb-11ed-84c2-8afbeb371208,USD,2.99,2.99
4494,27666,2010-05-20 23:27:25,29ed731e-5bcb-11ed-84c2-8afbeb371208,USD,2.99,2.99
4592,27571,2010-05-19 23:14:08,18db5370-5bcb-11ed-84c2-8afbeb371208,EUR,2.99,3.8870000000000005
4596,27856,2010-05-22 18:08:34,1d0216d2-5bcb-11ed-84c2-8afbeb371208,EUR,1.99,2.587
4606,27613,2010-05-20 23:49:40,18ebc50c-5bcb-11ed-84c2-8afbeb371208,EUR,1.99,2.587
4622,27658,2010-05-20 23:55:08,205f3bd4-5bcb-11ed-84c2-8afbeb371208,EUR,1.99,2.587
4643,27649,2010-05-20 23:58:58,1d4faa82-5bcb-11ed-84c2-8afbeb371208,EUR,0.99,1.287
4713,27702,2010-05-21 23:57:49,300c1a70-5bcb-11ed-84c2-8afbeb371208,USD,1.99,1.99
4721,27739,2010-05-21 23:54:38,3030ca3c-5bcb-11ed-84c2-8afbeb371208,EUR,1.99,2.587
4731,27750,2010-05-21 23:54:31,1cdd0810-5bcb-11ed-84c2-8afbeb371208,USD,2.99,2.99
4747,27961,2010-05-22 23:59:09,43e1ae3e-5bcb-11ed-84c2-8afbeb371208,EUR,0.99,1.287
4817,27441,2010-05-15 22:26:52,1729a41e-5bcb-11ed-84c2-8afbeb371208,USD,2.99,2.99
4851,27592,2010-05-20 11:11:16,18e0e880-5bcb-11ed-84c2-8afbeb371208,EUR,2.99,3.8870000000000005
4853,27914,2010-05-22 23:46:15,3570c1e6-5bcb-11ed-84c2-8afbeb371208,EUR,0.99,1.287
4883,27875,2010-05-22 22:57:12,47742086-5bcb-11ed-84c2-8afbeb371208,EUR,0.99,1.287
5014,27742,2010-05-21 23:56:50,39e8ceb2-5bcb-11ed-84c2-8afbeb371208,EUR,0.99,1.287
5067,28041,2010-05-22 23:58:35,20416a14-5bcb-11ed-84c2-8afbeb371208,EUR,2.99,3.8870000000000005
5092,27996,2010-05-22 23:58:19,47a0ee40-5bcb-11ed-84c2-8afbeb371208,EUR,0.99,1.287
5098,27541,2010-05-19 23:48:04,1954d42a-5bcb-11ed-84c2-8afbeb371208,EUR,2.99,3.8870000000000005
5100,27528,2010-05-18 23:49:00,1ba7d556-5bcb-11ed-84c2-8afbeb371208,EUR,2.99,3.8870000000000005
5101,27644,2010-05-20 23:29:07,19c7bc42-5bcb-11ed-84c2-8afbeb371208,EUR,1.99,2.587
5180,27734,2010-05-21 23:53:54,2a5cea3c-5bcb-11ed-84c2-8afbeb371208,USD,0.99,0.99
5222,27639,2010-05-20 23:58:20,17f6258e-5bcb-11ed-84c2-8afbeb371208,EUR,2.99,3.8870000000000005
5277,27858,2010-05-22 23:39:47,220146e4-5bcb-11ed-84c2-8afbeb371208,EUR,0.99,1.287
5315,27509,2010-05-18 23:36:51,1a815724-5bcb-11ed-84c2-8afbeb371208,EUR,9.99,12.987
5435,27852,2010-05-22 21:52:37,3d3c19a2-5bcb-11ed-84c2-8afbeb371208,EUR,2.99,3.8870000000000005
5473,27789,2010-05-21 23:56:15,246f8bd4-5bcb-11ed-84c2-8afbeb371208,EUR,0.99,1.287
5478,27428,2010-05-13 17:31:26,1701ba30-5bcb-11ed-84c2-8afbeb371208,EUR,0.99,1.287
5636,27590,2010-05-19 20:59:50,19676342-5bcb-11ed-84c2-8afbeb371208,USD,1.99,1.99
5643,27580,2010-05-19 22:25:31,1f5a0dae-5bcb-11ed-84c2-8afbeb371208,EUR,0.99,1.287
5649,27429,2010-05-13 20:09:03,16d10c78-5bcb-11ed-84c2-8afbeb371208,EUR,9.99,12.987
5664,27797,2010-05-21 23:59:41,25cab210-5bcb-11ed-84c2-8afbeb371208,EUR,0.99,1.287
5673,27962,2010-05-22 23:58:20,3a3e35fa-5bcb-11ed-84c2-8afbeb371208,USD,0.99,0.99
5750,27912,2010-05-22 23:48:23,45ab0346-5bcb-11ed-84c2-8afbeb371208,USD,0.99,0.99
5776,28038,2010-05-22 23:59:15,445a2968-5bcb-11ed-84c2-8afbeb371208,EUR,0.99,1.287
5822,27437,2010-05-14 23:50:12,185fdaba-5bcb-11ed-84c2-8afbeb371208,EUR,9.99,12.987
5831,28042,2010-05-22 23:59:28,2cfc9d64-5bcb-11ed-84c2-8afbeb371208,EUR,9.99,12.987
5837,27945,2010-05-22 23:58:36,2d8749b4-5bcb-11ed-84c2-8afbeb371208,EUR,1.99,2.587
5839,27755,2010-05-21 23:53:59,29836640-5bcb-11ed-84c2-8afbeb371208,EUR,1.99,2.587
5853,27998,2010-05-22 23:58:02,418eb780-5bcb-11ed-84c2-8afbeb371208,USD,0.99,0.99
5904,27705,2010-05-21 23:57:09,2a237dc4-5bcb-11ed-84c2-8afbeb371208,EUR,0.99,1.287
6011,27884,2010-05-22 23:41:06,42905fee-5bcb-11ed-84c2-8afbeb371208,EUR,0.99,1.287
6028,27593,2010-05-20 22:33:30,277dd600-5bcb-11ed-84c2-8afbeb371208,EUR,2.99,3.8870000000000005
6039,27933,2010-05-22 23:58:12,3d435ff0-5bcb-11ed-84c2-8afbeb371208,EUR,0.99,1.287
6081,28009,2010-05-22 23:59:38,2c9948ea-5bcb-11ed-84c2-8afbeb371208,USD,0.99,0.99
6102,27795,2010-05-21 23:56:31,2395fe5a-5bcb-11ed-84c2-8afbeb371208,EUR,2.99,3.8870000000000005
6151,27704,2010-05-21 23:59:29,2a7a3556-5bcb-11ed-84c2-8afbeb371208,EUR,2.99,3.8870000000000005
6155,27546,2010-05-19 22:31:32,2294662c-5bcb-11ed-84c2-8afbeb371208,EUR,4.99,6.487
6214,27575,2010-05-19 22:42:00,183138cc-5bcb-11ed-84c2-8afbeb371208,EUR,0.99,1.287
6288,27765,2010-05-21 23:56:26,263779e0-5bcb-11ed-84c2-8afbeb371208,USD,1.99,1.99
6374,28034,2010-05-22 23:57:19,28ec918e-5bcb-11ed-84c2-8afbeb371208,EUR,1.99,2.587
6459,27629,2010-05-20 22:52:32,19e314ba-5bcb-11ed-84c2-8afbeb371208,EUR,2.99,3.8870000000000005
6509,27683,2010-05-20 23:15:55,23b73656-5bcb-11ed-84c2-8afbeb371208,USD,0.99,0.99
6525,27596,2010-05-20 21:13:09,21e007d6-5bcb-11ed-84c2-8afbeb371208,EUR,0.99,1.287
6614,27471,2010-05-17 17:29:44,18a5f6d0-5bcb-11ed-84c2-8afbeb371208,EUR,2.99,3.8870000000000005
6625,27965,2010-05-22 23:58:21,19cf1d66-5bcb-11ed-84c2-8afbeb371208,USD,0.99,0.99
6633,27470,2010-05-17 19:37:30,19a0eafe-5bcb-11ed-84c2-8afbeb371208,USD,1.99,1.99
6654,27834,2010-05-22 01:39:03,2bafe02e-5bcb-11ed-84c2-8afbeb371208,USD,1.99,1.99
6753,27939,2010-05-22 23:57:41,1de540ba-5bcb-11ed-84c2-8afbeb371208,EUR,0.99,1.287
6849,27799,2010-05-21 23:54:17,2536d02c-5bcb-11ed-84c2-8afbeb371208,EUR,0.99,1.287
6916,27749,2010-05-21 23:55:16,285a7d44-5bcb-11ed-84c2-8afbeb371208,EUR,1.99,2.587
6932,27533,2010-05-19 16:15:53,2566c624-5bcb-11ed-84c2-8afbeb371208,EUR,0.99,1.287
7013,27937,2010-05-22 23:59:33,43e1ae3e-5bcb-11ed-84c2-8afbeb371208,EUR,1.99,2.587
7022,27833,2010-05-22 04:08:30,21384aaa-5bcb-11ed-84c2-8afbeb371208,USD,2.99,2.99
7107,27461,2010-05-16 21:27:31,1958646e-5bcb-11ed-84c2-8afbeb371208,EUR,0.99,1.287
7170,27635,2010-05-20 23:27:03,19d0f5e6-5bcb-11ed-84c2-8afbeb371208,EUR,9.99,12.987
7242,27628,2010-05-20 23:21:00,268a5fd4-5bcb-11ed-84c2-8afbeb371208,EUR,2.99,3.8870000000000005
7258,27901,2010-05-22 23:42:19,24684252-5bcb-11ed-84c2-8afbeb371208,USD,4.99,4.99
7280,27484,2010-05-17 22:59:37,181cff2e-5bcb-11ed-84c2-8afbeb371208,EUR,9.99,12.987
7384,27506,2010-05-18 23:11:52,16d98d3a-5bcb-11ed-84c2-8afbeb371208,USD,4.99,4.99
7443,27904,2010-05-22 23:53:32,34a5f8d0-5bcb-11ed-84c2-8afbeb371208,EUR,0.99,1.287
7474,27828,2010-05-21 23:58:05,2524452e-5bcb-11ed-84c2-8afbeb371208,EUR,0.99,1.287
7477,27809,2010-05-21 23:55:44,297f8f70-5bcb-11ed-84c2-8afbeb371208,USD,0.99,0.99
7561,27911,2010-05-22 23:39:58,233830a4-5bcb-11ed-84c2-8afbeb371208,EUR,0.99,1.287
7581,27771,2010-05-21 23:57:13,38b3ca10-5bcb-11ed-84c2-8afbeb371208,EUR,1.99,2.587
7649,28016,2010-05-22 23:59:13,2b5ad994-5bcb-11ed-84c2-8afbeb371208,EUR,0.99,1.287
7650,27561,2010-05-19 20:55:50,20cf0a40-5bcb-11ed-84c2-8afbeb371208,EUR,1.99,2.587
7803,27946,2010-05-22 23:58:25,1b62650c-5bcb-11ed-84c2-8afbeb371208,EUR,1.99,2.587
7847,27624,2010-05-20 23:25:10,1cdedfa0-5bcb-11ed-84c2-8afbeb371208,EUR,0.99,1.287
7869,27733,2010-05-21 23:55:19,34831130-5bcb-11ed-84c2-8afbeb371208,EUR,0.99,1.287
7944,27476,2010-05-17 19:35:33,19aa216e-5bcb-11ed-84c2-8afbeb371208,USD,1.99,1.99
7981,27851,2010-05-22 21:50:55,223a5a2e-5bcb-11ed-84c2-8afbeb371208,USD,1.99,1.99
8016,27918,2010-05-22 23:59:29,24e7908e-5bcb-11ed-84c2-8afbeb371208,EUR,0.99,1.287
8056,27625,2010-05-20 23:15:41,26b8d508-5bcb-11ed-84c2-8afbeb371208,EUR,0.99,1.287
8057,27701,2010-05-21 23:54:13,2a219c70-5bcb-11ed-84c2-8afbeb371208,EUR,2.99,3.8870000000000005
8121,27646,2010-05-20 23:13:10,2a99a440-5bcb-11ed-84c2-8afbeb371208,USD,0.99,0.99
8155,27783,2010-05-21 23:55:03,2b3253fc-5bcb-11ed-84c2-8afbeb371208,EUR,1.99,2.587
8207,27922,2010-05-22 23:58:23,1d07b2a4-5bcb-11ed-84c2-8afbeb371208,EUR,0.99,1.287
8276,27910,2010-05-22 23:39:17,3f040600-5bcb-11ed-84c2-8afbeb371208,EUR,0.99,1.287
8280,27536,2010-05-19 20:09:16,2397da18-5bcb-11ed-84c2-8afbeb371208,EUR,2.99,3.8870000000000005
8329,27574,2010-05-19 22:55:56,20d65746-5bcb-11ed-84c2-8afbeb371208,EUR,0.99,1.287
8344,28024,2010-05-22 23:57:23,31c2e934-5bcb-11ed-84c2-8afbeb371208,EUR,0.99,1.287
8352,27863,2010-05-22 21:01:14,271126b8-5bcb-11ed-84c2-8afbeb371208,EUR,1.99,2.587
8384,27761,2010-05-21 23:54:30,1fa914a8-5bcb-11ed-84c2-8afbeb371208,EUR,1.99,2.587
8406,27424,2010-05-12 22:49:43,1723e54c-5bcb-11ed-84c2-8afbeb371208,EUR,0.99,1.287
8567,27959,2010-05-22 23:59:09,3670bcb8-5bcb-11ed-84c2-8afbeb371208,USD,9.99,9.99
8641,27722,2010-05-21 23:57:19,19871304-5bcb-11ed-84c2-8afbeb371208,EUR,2.99,3.8870000000000005
8642,27868,2010-05-22 23:14:19,2d69765a-5bcb-11ed-84c2-8afbeb371208,EUR,0.99,1.287
8706,28045,2010-05-22 23:58:34,1ee818a2-5bcb-11ed-84c2-8afbeb371208,USD,0.99,0.99
8714,27491,2010-05-18 09:03:17,185df10a-5bcb-11ed-84c2-8afbeb371208,EUR,0.99,1.287
8760,27931,2010-05-22 23:58:41,2015aafa-5bcb-11ed-84c2-8afbeb371208,EUR,0.99,1.287
8778,28028,2010-05-22 23:57:53,38b5ac2c-5bcb-11ed-84c2-8afbeb371208,EUR,0.99,1.287
8787,27496,2010-05-18 23:54:55,1fb2177e-5bcb-11ed-84c2-8afbeb371208,EUR,9.99,12.987
8862,27770,2010-05-21 23:59:36,21fbb350-5bcb-11ed-84c2-8afbeb371208,EUR,0.99,1.287
8933,27430,2010-05-13 18:00:16,17828f70-5bcb-11ed-84c2-8afbeb371208,EUR,0.99,1.287
8963,27440,2010-05-15 22:50:21,1893acdc-5bcb-11ed-84c2-8afbeb371208,EUR,0.99,1.287
8978,27881,2010-05-22 23:05:21,255ba780-5bcb-11ed-84c2-8afbeb371208,EUR,0.99,1.287
9246,27905,2010-05-22 23:46:59,3e31f228-5bcb-11ed-84c2-8afbeb371208,USD,2.99,2.99
9287,27775,2010-05-21 23:57:25,3776c620-5bcb-11ed-84c2-8afbeb371208,EUR,1.99,2.587
9485,28004,2010-05-22 23:59:21,459ff082-5bcb-11ed-84c2-8afbeb371208,EUR,9.99,12.987
9528,27888,2010-05-22 23:24:59,4b57b2bc-5bcb-11ed-84c2-8afbeb371208,EUR,0.99,1.287
9533,27827,2010-05-21 23:59:49,36a642a2-5bcb-11ed-84c2-8afbeb371208,EUR,2.99,3.8870000000000005
9539,27994,2010-05-22 23:59:42,297dbe48-5bcb-11ed-84c2-8afbeb371208,EUR,2.99,3.8870000000000005
9620,27726,2010-05-21 23:56:48,32b7d278-5bcb-11ed-84c2-8afbeb371208,EUR,1.99,2.587
9668,27482,2010-05-17 20:14:05,1b48bd1e-5bcb-11ed-84c2-8afbeb371208,EUR,2.99,3.8870000000000005
9708,27504,2010-05-18 23:43:30,1d35d6e8-5bcb-11ed-84c2-8afbeb371208,USD,1.99,1.99
9880,27564,2010-05-19 20:47:46,18ebc50c-5bcb-11ed-84c2-8afbeb371208,EUR,2.99,3.8870000000000005
9899,27698,2010-05-21 23:58:51,36657c54-5bcb-11ed-84c2-8afbeb371208,EUR,1.99,2.587
9902,27714,2010-05-21 23:59:08,1ce6597e-5bcb-11ed-84c2-8afbeb371208,USD,2.99,2.99
9931,27817,2010-05-21 23:56:10,248948bc-5bcb-11ed-84c2-8afbeb371208,EUR,0.99,1.287
10014,27992,2010-05-22 23:58:09,295176ee-5bcb-11ed-84c2-8afbeb371208,USD,2.99,2.99
10052,27552,2010-05-19 20:37:23,19ee1a90-5bcb-11ed-84c2-8afbeb371208,EUR,0.99,1.287
10180,27627,2010-05-20 22:52:32,20b705da-5bcb-11ed-84c2-8afbeb371208,EUR,1.99,2.587
10208,27995,2010-05-22 23:58:08,2185d4be-5bcb-11ed-84c2-8afbeb371208,USD,0.99,0.99
10274,27800,2010-05-21 23:56:51,39076616-5bcb-11ed-84c2-8afbeb371208,EUR,1.99,2.587
10292,27829,2010-05-22 18:29:40,213be75a-5bcb-11ed-84c2-8afbeb371208,USD,0.99,0.99
10315,27732,2010-05-21 23:54:06,25ad37b2-5bcb-11ed-84c2-8afbeb371208,USD,0.99,0.99
10332,27563,2010-05-19 22:21:40,241a8184-5bcb-11ed-84c2-8afbeb371208,EUR,2.99,3.8870000000000005
10363,27455,2010-05-16 19:35:09,1623df4e-5bcb-11ed-84c2-8afbeb371208,EUR,2.99,3.8870000000000005
10372,27459,2010-05-16 23:09:56,16e14bb0-5bcb-11ed-84c2-8afbeb371208,USD,4.99,4.99
10447,27723,2010-05-21 23:56:00,37f5b782-5bcb-11ed-84c2-8afbeb371208,EUR,0.99,1.287
10492,27853,2010-05-22 18:08:31,48668484-5bcb-11ed-84c2-8afbeb371208,USD,1.99,1.99
10496,27776,2010-05-21 23:56:34,29d12556-5bcb-11ed-84c2-8afbeb371208,EUR,9.99,12.987
10554,27692,2010-05-21 23:55:01,36ded914-5bcb-11ed-84c2-8afbeb371208,USD,0.99,0.99
10608,27920,2010-05-22 23:57:52,3ceb36fe-5bcb-11ed-84c2-8afbeb371208,EUR,2.99,3.8870000000000005
10669,27792,2010-05-21 23:57:38,1ca76548-5bcb-11ed-84c2-8afbeb371208,EUR,0.99,1.287
10691,27769,2010-05-21 23:56:18,385b838c-5bcb-11ed-84c2-8afbeb371208,EUR,9.99,12.987
10710,27468,2010-05-17 12:53:50,1bba7fee-5bcb-11ed-84c2-8afbeb371208,USD,0.99,0.99
10854,27587,2010-05-19 23:13:38,1893acdc-5bcb-11ed-84c2-8afbeb371208,EUR,1.99,2.587
10863,27804,2010-05-21 23:56:06,1b6d3d56-5bcb-11ed-84c2-8afbeb371208,EUR,0.99,1.287
10976,27991,2010-05-22 23:58:52,44f1214c-5bcb-11ed-84c2-8afbeb371208,EUR,0.99,1.287
10988,27458,2010-05-16 21:50:52,1993df8a-5bcb-11ed-84c2-8afbeb371208,USD,0.99,0.99
11049,27499,2010-05-18 23:18:02,1d533a3a-5bcb-11ed-84c2-8afbeb371208,EUR,0.99,1.287
11088,27699,2010-05-21 23:56:08,27e2ff12-5bcb-11ed-84c2-8afbeb371208,EUR,0.99,1.287
11100,27740,2010-05-21 23:56:30,1f8b8794-5bcb-11ed-84c2-8afbeb371208,EUR,0.99,1.287
11109,27923,2010-05-22 23:58:03,2c53a3bc-5bcb-11ed-84c2-8afbeb371208,EUR,0.99,1.287
11141,27879,2010-05-22 20:24:54,19a67e88-5bcb-11ed-84c2-8afbeb371208,USD,2.99,2.99
11151,27703,2010-05-21 23:59:24,171a586a-5bcb-11ed-84c2-8afbeb371208,EUR,0.99,1.287
11296,27508,2010-05-18 23:38:17,19dbdc72-5bcb-11ed-84c2-8afbeb371208,EUR,1.99,2.587
11505,27766,2010-05-21 23:57:11,2a99a440-5bcb-11ed-84c2-8afbeb371208,USD,4.99,4.99
11539,27741,2010-05-21 23:54:47,1e3b860a-5bcb-11ed-84c2-8afbeb371208,USD,0.99,0.99
11554,28032,2010-05-22 23:58:06,388d64c4-5bcb-11ed-84c2-8afbeb371208,EUR,0.99,1.287
11567,27880,2010-05-22 22:01:28,3a9dadd2-5bcb-11ed-84c2-8afbeb371208,USD,9.99,9.99
11574,27691,2010-05-21 23:57:41,18d97d20-5bcb-11ed-84c2-8afbeb371208,USD,0.99,0.99
11591,27500,2010-05-18 23:43:28,1ca93260-5bcb-11ed-84c2-8afbeb371208,EUR,0.99,1.287
11605,27759,2010-05-21 23:56:45,2a0b3444-5bcb-11ed-84c2-8afbeb371208,EUR,1.99,2.587
11611,27472,2010-05-17 13:00:55,1c4d6a16-5bcb-11ed-84c2-8afbeb371208,EUR,1.99,2.587
11647,27656,2010-05-20 23:55:32,23f00828-5bcb-11ed-84c2-8afbeb371208,EUR,0.99,1.287
11661,27594,2010-05-20 22:12:23,2c8ab2bc-5bcb-11ed-84c2-8afbeb371208,USD,0.99,0.99
11699,27966,2010-05-22 23:58:49,37e8952a-5bcb-11ed-84c2-8afbeb371208,USD,1.99,1.99
11712,27684,2010-05-20 23:30:17,1d962552-5bcb-11ed-84c2-8afbeb371208,EUR,1.99,2.587
11729,27661,2010-05-20 23:28:57,1a939e20-5bcb-11ed-84c2-8afbeb371208,EUR,2.99,3.8870000000000005
11770,27725,2010-05-21 23:56:59,330b4804-5bcb-11ed-84c2-8afbeb371208,USD,0.99,0.99
11799,27806,2010-05-21 23:56:45,2f0318f4-5bcb-11ed-84c2-8afbeb371208,EUR,1.99,2.587
11829,27764,2010-05-21 23:58:15,2c5b17b4-5bcb-11ed-84c2-8afbeb371208,EUR,0.99,1.287
11862,27450,2010-05-16 21:03:59,18ad3b66-5bcb-11ed-84c2-8afbeb371208,EUR,0.99,1.287
11932,27612,2010-05-20 19:40:25,23f1d874-5bcb-11ed-84c2-8afbeb371208,USD,1.99,1.99
11967,27844,2010-05-22 17:56:12,4719730c-5bcb-11ed-84c2-8afbeb371208,EUR,0.99,1.287
11998,27519,2010-05-18 23:37:41,1fae7c86-5bcb-11ed-84c2-8afbeb371208,EUR,1.99,2.587
12079,27576,2010-05-19 23:55:48,237fd9a4-5bcb-11ed-84c2-8afbeb371208,USD,0.99,0.99
12082,27517,2010-05-18 22:56:51,20242634-5bcb-11ed-84c2-8afbeb371208,EUR,0.99,1.287
12103,27845,2010-05-22 20:17:57,379f4eba-5bcb-11ed-84c2-8afbeb371208,EUR,0.99,1.287
12192,27898,2010-05-22 23:47:26,3d79002e-5bcb-11ed-84c2-8afbeb371208,EUR,2.99,3.8870000000000005
12214,28010,2010-05-22 23:57:42,3f50bd10-5bcb-11ed-84c2-8afbeb371208,EUR,0.99,1.287
12236,27559,2010-05-19 23:44:46,256e36a2-5bcb-11ed-84c2-8afbeb371208,EUR,0.99,1.287
12257,27680,2010-05-20 23:24:27,1a2adeee-5bcb-11ed-84c2-8afbeb371208,EUR,0.99,1.287
12377,27768,2010-05-21 23:58:29,1834ccbc-5bcb-11ed-84c2-8afbeb371208,EUR,1.99,2.587
12457,27488,2010-05-17 22:09:12,17de77d6-5bcb-11ed-84c2-8afbeb371208,EUR,0.99,1.287
12584,28022,2010-05-22 23:58:20,318b68a6-5bcb-11ed-84c2-8afbeb371208,EUR,0.99,1.287
12606,27585,2010-05-19 23:33:22,1bea6344-5bcb-11ed-84c2-8afbeb371208,EUR,1.99,2.587
12673,27604,2010-05-20 21:20:37,2274e9e6-5bcb-11ed-84c2-8afbeb371208,USD,0.99,0.99
12679,27453,2010-05-16 19:26:00,19d0f5e6-5bcb-11ed-84c2-8afbeb371208,EUR,4.99,6.487
12682,27921,2010-05-22 23:59:38,4b32bdea-5bcb-11ed-84c2-8afbeb371208,EUR,1.99,2.587
12689,27478,2010-05-17 21:52:24,16e14bb0-5bcb-11ed-84c2-8afbeb371208,USD,0.99,0.99
12751,27838,2010-05-22 18:19:43,44d1a3da-5bcb-11ed-84c2-8afbeb371208,USD,0.99,0.99
12791,27897,2010-05-22 23:41:20,3dedea7e-5bcb-11ed-84c2-8afbeb371208,USD,0.99,0.99
12855,27526,2010-05-18 23:48:09,1e889346-5bcb-11ed-84c2-8afbeb371208,USD,1.99,1.99
12893,27490,2010-05-17 23:49:58,17e04d40-5bcb-11ed-84c2-8afbeb371208,EUR,1.99,2.587
12931,27872,2010-05-22 21:12:14,18d1eb14-5bcb-11ed-84c2-8afbeb371208,EUR,1.99,2.587
12962,27877,2010-05-22 23:48:16,3d241442-5bcb-11ed-84c2-8afbeb371208,EUR,9.99,12.987
12986,27451,2010-05-16 20:49:17,18ce4da6-5bcb-11ed-84c2-8afbeb371208,USD,0.99,0.99
13032,28023,2010-05-22 23:59:59,1c09b2da-5bcb-11ed-84c2-8afbeb371208,EUR,0.99,1.287
13044,27878,2010-05-22 22:07:54,47fc1f5e-5bcb-11ed-84c2-8afbeb371208,EUR,1.99,2.587
13100,27970,2010-05-22 23:59:43,29ed731e-5bcb-11ed-84c2-8afbeb371208,USD,0.99,0.99
13139,27659,2010-05-20 23:44:56,22313c1e-5bcb-11ed-84c2-8afbeb371208,EUR,1.99,2.587
13196,27926,2010-05-22 23:58:45,30bba698-5bcb-11ed-84c2-8afbeb371208,EUR,0.99,1.287
13199,27786,2010-05-21 23:54:17,31e439ae-5bcb-11ed-84c2-8afbeb371208,USD,2.99,2.99
13308,27670,2010-05-20 23:17:45,1c8835a6-5bcb-11ed-84c2-8afbeb371208,EUR,0.99,1.287
13350,27979,2010-05-22 23:59:26,1e21d598-5bcb-11ed-84c2-8afbeb371208,USD,1.99,1.99
13395,27980,2010-05-22 23:58:09,37894f70-5bcb-11ed-84c2-8afbeb371208,EUR,4.99,6.487
13406,27426,2010-05-12 19:53:15,16eef04e-5bcb-11ed-84c2-8afbeb371208,EUR,1.99,2.587
13430,27932,2010-05-22 23:57:22,45aeb162-5bcb-11ed-84c2-8afbeb371208,EUR,0.99,1.287
13435,27754,2010-05-21 23:59:12,1e1c4f92-5bcb-11ed-84c2-8afbeb371208,EUR,9.99,12.987
13600,27433,2010-05-14 21:48:08,17b9cf8a-5bcb-11ed-84c2-8afbeb371208,EUR,0.99,1.287
13631,27577,2010-05-19 22:36:41,1ff6786a-5bcb-11ed-84c2-8afbeb371208,EUR,1.99,2.587
13659,27522,2010-05-18 23:22:57,17f6258e-5bcb-11ed-84c2-8afbeb371208,EUR,9.99,12.987
13660,27862,2010-05-22 20:46:27,4060b3b8-5bcb-11ed-84c2-8afbeb371208,USD,2.99,2.99
13758,27637,2010-05-20 23:49:54,29620a54-5bcb-11ed-84c2-8afbeb371208,EUR,0.99,1.287
13785,27944,2010-05-22 23:57:59,407eeff4-5bcb-11ed-84c2-8afbeb371208,USD,0.99,0.99
13846,27693,2010-05-21 23:59:16,2bd2dae8-5bcb-11ed-84c2-8afbeb371208,EUR,1.99,2.587
13907,27456,2010-05-16 22:59:10,176df70e-5bcb-11ed-84c2-8afbeb371208,USD,1.99,1.99
13954,27793,2010-05-21 23:54:02,26d5f584-5bcb-11ed-84c2-8afbeb371208,EUR,2.99,3.8870000000000005
13983,27950,2010-05-22 23:59:30,2274e9e6-5bcb-11ed-84c2-8afbeb371208,USD,1.99,1.99
14062,27643,2010-05-20 23:49:49,1d39870c-5bcb-11ed-84c2-8afbeb371208,USD,4.99,4.99
14076,27679,2010-05-20 23:23:46,20242634-5bcb-11ed-84c2-8afbeb371208,EUR,0.99,1.287
14092,27894,2010-05-22 23:31:13,2d7a100a-5bcb-11ed-84c2-8afbeb371208,EUR,0.99,1.287
14218,27842,2010-05-22 23:48:23,25a98414-5bcb-11ed-84c2-8afbeb371208,EUR,1.99,2.587
14222,27634,2010-05-20 22:58:31,2099ec0c-5bcb-11ed-84c2-8afbeb371208,USD,2.99,2.99
14248,27839,2010-05-22 22:49:18,1c42861e-5bcb-11ed-84c2-8afbeb371208,EUR,0.99,1.287
14266,27952,2010-05-22 23:58:24,2e4f3dd4-5bcb-11ed-84c2-8afbeb371208,EUR,0.99,1.287
14288,27866,2010-05-22 23:41:41,4784fffa-5bcb-11ed-84c2-8afbeb371208,EUR,0.99,1.287
14333,27681,2010-05-20 23:28:34,22666e8e-5bcb-11ed-84c2-8afbeb371208,USD,0.99,0.99
14465,27605,2010-05-20 21:15:57,28ff0012-5bcb-11ed-84c2-8afbeb371208,EUR,0.99,1.287
14498,27763,2010-05-21 23:59:25,1773880e-5bcb-11ed-84c2-8afbeb371208,USD,1.99,1.99
14526,27885,2010-05-22 22:53:34,465acb96-5bcb-11ed-84c2-8afbeb371208,EUR,1.99,2.587
14584,27849,2010-05-22 21:18:13,4bbb5100-5bcb-11ed-84c2-8afbeb371208,EUR,0.99,1.287
14592,27748,2010-05-21 23:54:09,38e22fe0-5bcb-11ed-84c2-8afbeb371208,EUR,2.99,3.8870000000000005
14629,27665,2010-05-20 23:35:06,1f4d53fc-5bcb-11ed-84c2-8afbeb371208,EUR,0.99,1.287
14640,27544,2010-05-19 21:47:28,22878c40-5bcb-11ed-84c2-8afbeb371208,USD,0.99,0.99
14741,28001,2010-05-22 23:57:53,3885dd58-5bcb-11ed-84c2-8afbeb371208,EUR,0.99,1.287
14743,27460,2010-05-16 21:41:17,19166c30-5bcb-11ed-84c2-8afbeb371208,EUR,1.99,2.587
14825,27736,2010-05-21 23:54:56,28465404-5bcb-11ed-84c2-8afbeb371208,EUR,2.99,3.8870000000000005
14893,27713,2010-05-21 23:59:34,24292842-5bcb-11ed-84c2-8afbeb371208,EUR,2.99,3.8870000000000005
14911,27729,2010-05-21 23:58:02,2a7c224e-5bcb-11ed-84c2-8afbeb371208,EUR,0.99,1.287
15062,27715,2010-05-21 23:58:27,208215aa-5bcb-11ed-84c2-8afbeb371208,USD,0.99,0.99
15069,27801,2010-05-21 23:59:36,2d1a4f62-5bcb-11ed-84c2-8afbeb371208,EUR,0.99,1.287
15094,27864,2010-05-22 23:37:18,497a28d0-5bcb-11ed-84c2-8afbeb371208,EUR,2.99,3.8870000000000005
15278,27521,2010-05-18 23:40:06,1b67da96-5bcb-11ed-84c2-8afbeb371208,EUR,0.99,1.287
15368,27832,2010-05-22 04:29:02,396b874a-5bcb-11ed-84c2-8afbeb371208,USD,2.99,2.99
15379,27510,2010-05-18 23:17:48,1ea08dac-5bcb-11ed-84c2-8afbeb371208,EUR,0.99,1.287
15409,27466,2010-05-17 07:54:34,1b1cd492-5bcb-11ed-84c2-8afbeb371208,EUR,0.99,1.287
15459,27892,2010-05-22 23:38:12,43c01076-5bcb-11ed-84c2-8afbeb371208,EUR,1.99,2.587
15464,27721,2010-05-21 23:55:09,21610684-5bcb-11ed-84c2-8afbeb371208,USD,2.99,2.99
15466,27653,2010-05-20 23:36:36,2d783af0-5bcb-11ed-84c2-8afbeb371208,EUR,1.99,2.587
15471,27774,2010-05-21 23:55:26,2f8b56e2-5bcb-11ed-84c2-8afbeb371208,EUR,1.99,2.587
15488,27889,2010-05-22 23:57:26,2f7e8426-5bcb-11ed-84c2-8afbeb371208,EUR,4.99,6.487
15572,27479,2010-05-17 20:27:03,1bcc954e-5bcb-11ed-84c2-8afbeb371208,EUR,0.99,1.287
15616,27773,2010-05-21 23:56:16,30eb3ed0-5bcb-11ed-84c2-8afbeb371208,USD,1.99,1.99
15684,27589,2010-05-19 22:00:22,22d470c8-5bcb-11ed-84c2-8afbeb371208,USD,0.99,0.99
15835,27893,2010-05-22 23:36:33,428ca7f0-5bcb-11ed-84c2-8afbeb371208,EUR,0.99,1.287
15873,27846,2010-05-22 21:08:49,4c89ede4-5bcb-11ed-84c2-8afbeb371208,EUR,4.99,6.487
15918,27525,2010-05-18 23:55:20,1aa244de-5bcb-11ed-84c2-8afbeb371208,USD,0.99,0.99
15921,27558,2010-05-19 21:15:57,1e1a7f32-5bcb-11ed-84c2-8afbeb371208,EUR,4.99,6.487
15934,27677,2010-05-20 23:50:48,2c645fe0-5bcb-11ed-84c2-8afbeb371208,EUR,0.99,1.287
15935,27695,2010-05-21 23:54:27,3057475c-5bcb-11ed-84c2-8afbeb371208,EUR,0.99,1.287
15981,27871,2010-05-22 20:44:36,3f852866-5bcb-11ed-84c2-8afbeb371208,EUR,2.99,3.8870000000000005
16015,27929,2010-05-22 23:59:28,1867485e-5bcb-11ed-84c2-8afbeb371208,EUR,2.99,3.8870000000000005
16047,27686,2010-05-21 20:47:27,1f5498d8-5bcb-11ed-84c2-8afbeb371208,EUR,1.99,2.587
16080,27446,2010-05-15 22:37:45,1847ade6-5bcb-11ed-84c2-8afbeb371208,EUR,0.99,1.287
16102,27586,2010-05-19 23:07:41,1cab05ea-5bcb-11ed-84c2-8afbeb371208,EUR,2.99,3.8870000000000005
16104,27599,2010-05-20 17:27:57,20a4c79e-5bcb-11ed-84c2-8afbeb371208,USD,4.99,4.99
16141,28011,2010-05-22 23:57:51,45ef6eaa-5bcb-11ed-84c2-8afbeb371208,EUR,0.99,1.287
16226,27903,2010-05-22 23:50:41,2ff036a2-5bcb-11ed-84c2-8afbeb371208,EUR,2.99,3.8870000000000005
16228,27909,2010-05-22 23:43:23,40648132-5bcb-11ed-84c2-8afbeb371208,EUR,0.99,1.287
16240,27465,2010-05-17 16:15:12,19ea569e-5bcb-11ed-84c2-8afbeb371208,EUR,1.99,2.587
16271,27956,2010-05-22 23:58:44,4c847d8c-5bcb-11ed-84c2-8afbeb371208,EUR,2.99,3.8870000000000005
16302,27514,2010-05-18 23:07:40,1b5ce69a-5bcb-11ed-84c2-8afbeb371208,EUR,2.99,3.8870000000000005
16307,27606,2010-05-20 21:51:57,188e32e8-5bcb-11ed-84c2-8afbeb371208,USD,0.99,0.99
16533,27756,2010-05-21 23:59:41,39463c10-5bcb-11ed-84c2-8afbeb371208,EUR,0.99,1.287
16552,27743,2010-05-21 23:55:26,1e3b860a-5bcb-11ed-84c2-8afbeb371208,USD,2.99,2.99
16553,27660,2010-05-20 23:39:06,216feaf0-5bcb-11ed-84c2-8afbeb371208,EUR,1.99,2.587
16611,27556,2010-05-19 22:44:27,1d218878-5bcb-11ed-84c2-8afbeb371208,USD,1.99,1.99
16625,28013,2010-05-22 23:57:25,38739ecc-5bcb-11ed-84c2-8afbeb371208,EUR,0.99,1.287
16635,28021,2010-05-22 23:57:44,23b376c4-5bcb-11ed-84c2-8afbeb371208,EUR,0.99,1.287
16681,27474,2010-05-17 17:14:33,1cfa8e9e-5bcb-11ed-84c2-8afbeb371208,EUR,2.99,3.8870000000000005
16700,27724,2010-05-21 23:57:08,31196ee0-5bcb-11ed-84c2-8afbeb371208,EUR,0.99,1.287
16775,27664,2010-05-20 23:53:36,16dd7bde-5bcb-11ed-84c2-8afbeb371208,USD,0.99,0.99
16824,27843,2010-05-22 22:09:05,23c42e38-5bcb-11ed-84c2-8afbeb371208,EUR,0.99,1.287
16864,27583,2010-05-19 21:19:31,1e3f317e-5bcb-11ed-84c2-8afbeb371208,USD,1.99,1.99
16988,27534,2010-05-19 12:56:09,20416a14-5bcb-11ed-84c2-8afbeb371208,EUR,9.99,12.987
17136,27822,2010-05-21 23:57:44,192178d2-5bcb-11ed-84c2-8afbeb371208,EUR,0.99,1.287
17160,27427,2010-05-13 17:06:50,1788144a-5bcb-11ed-84c2-8afbeb371208,EUR,0.99,1.287
17278,27640,2010-05-20 23:55:32,2a2ca9da-5bcb-11ed-84c2-8afbeb371208,EUR,0.99,1.287
17284,27790,2010-05-21 23:58:06,1d3407f0-5bcb-11ed-84c2-8afbeb371208,EUR,2.99,3.8870000000000005
17303,27720,2010-05-21 23:58:40,2d1fc7a8-5bcb-11ed-84c2-8afbeb371208,EUR,0.99,1.287
17342,27981,2010-05-22 23:57:29,3bdd1f8e-5bcb-11ed-84c2-8afbeb371208,EUR,0.99,1.287
17375,27985,2010-05-22 23:58:49,43081a48-5bcb-11ed-84c2-8afbeb371208,EUR,1.99,2.587
17385,28037,2010-05-22 23:59:58,32336d8a-5bcb-11ed-84c2-8afbeb371208,USD,0.99,0.99
17449,27900,2010-05-22 23:38:24,4b687836-5bcb-11ed-84c2-8afbeb371208,EUR,2.99,3.8870000000000005
17475,27438,2010-05-15 01:20:24,17614f22-5bcb-11ed-84c2-8afbeb371208,EUR,0.99,1.287
17510,27448,2010-05-15 17:49:14,1928dce4-5bcb-11ed-84c2-8afbeb371208,USD,9.99,9.99
17524,27444,2010-05-15 15:26:05,182bbdc0-5bcb-11ed-84c2-8afbeb371208,EUR,9.99,12.987
17576,27735,2010-05-21 23:58:14,263779e0-5bcb-11ed-84c2-8afbeb371208,USD,0.99,0.99
17592,28003,2010-05-22 23:59:22,48dd0faa-5bcb-11ed-84c2-8afbeb371208,EUR,0.99,1.287
17625,27819,2010-05-21 23:57:56,1a1fe12e-5bcb-11ed-84c2-8afbeb371208,EUR,1.99,2.587
17754,27565,2010-05-19 21:33:28,17bbb944-5bcb-11ed-84c2-8afbeb371208,EUR,0.99,1.287
17768,27857,2010-05-22 21:01:04,3fc660f6-5bcb-11ed-84c2-8afbeb371208,EUR,0.99,1.287
17803,27973,2010-05-22 23:58:36,4af5ee60-5bcb-11ed-84c2-8afbeb371208,EUR,1.99,2.587
17823,27816,2010-05-21 23:59:17,2148d172-5bcb-11ed-84c2-8afbeb371208,EUR,1.99,2.587
17857,27934,2010-05-22 23:57:47,362a7c9e-5bcb-11ed-84c2-8afbeb371208,EUR,0.99,1.287
17900,27924,2010-05-22 23:59:56,4a966fbc-5bcb-11ed-84c2-8afbeb371208,EUR,0.99,1.287
18016,27623,2010-05-20 23:56:43,23a89164-5bcb-11ed-84c2-8afbeb371208,USD,9.99,9.99
18195,28019,2010-05-22 23:57:24,49d11b2c-5bcb-11ed-84c2-8afbeb371208,EUR,0.99,1.287
18277,27744,2010-05-21 23:57:01,2e3ea578-5bcb-11ed-84c2-8afbeb371208,EUR,1.99,2.587
18306,27700,2010-05-21 23:55:26,200ab884-5bcb-11ed-84c2-8afbeb371208,EUR,0.99,1.287
18411,27673,2010-05-20 23:20:06,1c75e4be-5bcb-11ed-84c2-8afbeb371208,USD,1.99,1.99
18422,27779,2010-05-21 23:59:11,2fcf44f6-5bcb-11ed-84c2-8afbeb371208,USD,0.99,0.99
18471,27978,2010-05-22 23:58:38,3d138140-5bcb-11ed-84c2-8afbeb371208,USD,0.99,0.99
18529,27969,2010-05-22 23:59:46,2aa4b75e-5bcb-11ed-84c2-8afbeb371208,EUR,2.99,3.8870000000000005
18542,27815,2010-05-21 23:58:26,1d74c54c-5bcb-11ed-84c2-8afbeb371208,EUR,0.99,1.287
18585,27492,2010-05-18 23:44:18,1f75a79e-5bcb-11ed-84c2-8afbeb371208,USD,2.99,2.99
18628,27600,2010-05-20 16:33:18,1e8322ee-5bcb-11ed-84c2-8afbeb371208,EUR,2.99,3.8870000000000005
18661,27737,2010-05-21 23:55:31,35003db8-5bcb-11ed-84c2-8afbeb371208,EUR,1.99,2.587
18700,27716,2010-05-21 23:54:01,234e2274-5bcb-11ed-84c2-8afbeb371208,EUR,9.99,12.987
18718,27452,2010-05-16 18:21:45,1710df6a-5bcb-11ed-84c2-8afbeb371208,EUR,0.99,1.287
18839,27942,2010-05-22 23:58:40,235cde5e-5bcb-11ed-84c2-8afbeb371208,EUR,1.99,2.587
18859,27537,2010-05-19 22:06:43,19e314ba-5bcb-11ed-84c2-8afbeb371208,EUR,1.99,2.587
19050,27964,2010-05-22 23:58:00,2f13cb86-5bcb-11ed-84c2-8afbeb371208,EUR,0.99,1.287
19052,27727,2010-05-21 23:55:23,24bf0696-5bcb-11ed-84c2-8afbeb371208,EUR,0.99,1.287
19143,27621,2010-05-20 23:47:40,1b643508-5bcb-11ed-84c2-8afbeb371208,EUR,0.99,1.287
19226,27807,2010-05-21 23:59:56,23ac3490-5bcb-11ed-84c2-8afbeb371208,USD,0.99,0.99
19272,27896,2010-05-22 23:54:34,3e1d889c-5bcb-11ed-84c2-8afbeb371208,USD,1.99,1.99
19488,27489,2010-05-17 19:51:27,1923571a-5bcb-11ed-84c2-8afbeb371208,EUR,0.99,1.287
19528,27463,2010-05-16 20:50:26,1a2cb890-5bcb-11ed-84c2-8afbeb371208,USD,0.99,0.99
19555,27854,2010-05-22 17:31:42,306b9bee-5bcb-11ed-84c2-8afbeb371208,EUR,0.99,1.287
19586,27977,2010-05-22 23:57:58,34db3ac2-5bcb-11ed-84c2-8afbeb371208,USD,0.99,0.99
19756,27667,2010-05-20 23:58:55,19b6f60a-5bcb-11ed-84c2-8afbeb371208,EUR,0.99,1.287
19773,27503,2010-05-18 23:22:07,1891de5c-5bcb-11ed-84c2-8afbeb371208,EUR,1.99,2.587
19803,27752,2010-05-21 23:59:52,1dd4e9d6-5bcb-11ed-84c2-8afbeb371208,EUR,2.99,3.8870000000000005
19835,27538,2010-05-19 21:04:17,20a6a9c4-5bcb-11ed-84c2-8afbeb371208,EUR,0.99,1.287
19883,27668,2010-05-20 23:10:17,2d765ed8-5bcb-11ed-84c2-8afbeb371208,EUR,2.99,3.8870000000000005
19968,27578,2010-05-19 23:42:37,1fd16c6e-5bcb-11ed-84c2-8afbeb371208,USD,4.99,4.99
19988,27687,2010-05-21 20:46:58,370e791c-5bcb-11ed-84c2-8afbeb371208,EUR,0.99,1.287
19994,27708,2010-05-21 23:54:23,35fe435e-5bcb-11ed-84c2-8afbeb371208,EUR,0.99,1.287
20026,27803,2010-05-21 23:58:42,18b4a4a0-5bcb-11ed-84c2-8afbeb371208,USD,0.99,0.99
20084,27597,2010-05-20 13:11:55,1764fab4-5bcb-11ed-84c2-8afbeb371208,USD,0.99,0.99
20143,27887,2010-05-22 22:18:27,1c300822-5bcb-11ed-84c2-8afbeb371208,EUR,2.99,3.8870000000000005
20174,27813,2010-05-21 23:58:48,32fc43cc-5bcb-11ed-84c2-8afbeb371208,EUR,2.99,3.8870000000000005
20205,27948,2010-05-22 23:58:34,1be2dda4-5bcb-11ed-84c2-8afbeb371208,EUR,1.99,2.587
20262,27870,2010-05-22 23:38:55,31540532-5bcb-11ed-84c2-8afbeb371208,EUR,9.99,12.987
20394,27494,2010-05-18 23:37:47,1732f2a8-5bcb-11ed-84c2-8afbeb371208,EUR,2.99,3.8870000000000005
20661,28025,2010-05-22 23:58:59,1f8d5aba-5bcb-11ed-84c2-8afbeb371208,EUR,0.99,1.287
20716,27837,2010-05-22 21:06:01,207007f2-5bcb-11ed-84c2-8afbeb371208,EUR,0.99,1.287
20757,27812,2010-05-21 23:59:39,36f681cc-5bcb-11ed-84c2-8afbeb371208,EUR,1.99,2.587
20798,27753,2010-05-21 23:59:10,1adb94a0-5bcb-11ed-84c2-8afbeb371208,EUR,1.99,2.587
20908,27654,2010-05-20 23:41:45,2d4ff658-5bcb-11ed-84c2-8afbeb371208,EUR,1.99,2.587
20958,27481,2010-05-17 20:17:00,1b153fac-5bcb-11ed-84c2-8afbeb371208,USD,2.99,2.99
20965,27925,2010-05-22 23:59:55,20cf0a40-5bcb-11ed-84c2-8afbeb371208,EUR,0.99,1.287
20980,27825,2010-05-21 23:57:56,2bcf2524-5bcb-11ed-84c2-8afbeb371208,EUR,2.99,3.8870000000000005
21086,28036,2010-05-22 23:57:21,21d6ccde-5bcb-11ed-84c2-8afbeb371208,EUR,0.99,1.287
21232,27859,2010-05-22 23:49:56,3eafb3de-5bcb-11ed-84c2-8afbeb371208,EUR,0.99,1.287
21354,27831,2010-05-22 21:34:32,2448d70a-5bcb-11ed-84c2-8afbeb371208,EUR,2.99,3.8870000000000005
21415,27883,2010-05-22 21:44:44,1a4a238a-5bcb-11ed-84c2-8afbeb371208,USD,9.99,9.99
21473,27562,2010-05-19 20:31:56,219671fc-5bcb-11ed-84c2-8afbeb371208,EUR,2.99,3.8870000000000005
21498,27861,2010-05-22 23:03:54,4795a9b8-5bcb-11ed-84c2-8afbeb371208,EUR,0.99,1.287
21556,27434,2010-05-14 23:16:40,17e04d40-5bcb-11ed-84c2-8afbeb371208,EUR,1.99,2.587
21673,27930,2010-05-22 23:58:53,47aa7d98-5bcb-11ed-84c2-8afbeb371208,EUR,0.99,1.287
21697,27745,2010-05-21 23:59:17,1ce2b2f6-5bcb-11ed-84c2-8afbeb371208,USD,2.99,2.99
21797,27520,2010-05-18 23:52:20,186568c2-5bcb-11ed-84c2-8afbeb371208,EUR,2.99,3.8870000000000005
21808,27690,2010-05-21 23:58:26,37609396-5bcb-11ed-84c2-8afbeb371208,EUR,0.99,1.287
21834,27928,2010-05-22 23:59:05,23276418-5bcb-11ed-84c2-8afbeb371208,EUR,0.99,1.287
21889,27652,2010-05-20 23:51:50,2d1df4f0-5bcb-11ed-84c2-8afbeb371208,EUR,1.99,2.587
21975,27802,2010-05-21 23:55:05,34c18d34-5bcb-11ed-84c2-8afbeb371208,EUR,0.99,1.287
22001,27512,2010-05-18 23:39:10,1766c9a2-5bcb-11ed-84c2-8afbeb371208,USD,0.99,0.99
22028,27706,2010-05-21 23:58:57,192178d2-5bcb-11ed-84c2-8afbeb371208,EUR,0.99,1.287
22154,28018,2010-05-22 23:59:49,255d74c0-5bcb-11ed-84c2-8afbeb371208,EUR,0.99,1.287
22187,28044,2010-05-22 23:59:31,487933fe-5bcb-11ed-84c2-8afbeb371208,USD,1.99,1.99
22399,27975,2010-05-22 23:57:49,4cc38004-5bcb-11ed-84c2-8afbeb371208,EUR,2.99,3.8870000000000005
22489,27572,2010-05-19 23:56:31,1a113282-5bcb-11ed-84c2-8afbeb371208,USD,0.99,0.99
22525,28017,2010-05-22 23:59:02,406fd91a-5bcb-11ed-84c2-8afbeb371208,EUR,0.99,1.287
22572,27874,2010-05-22 20:53:09,1ed20364-5bcb-11ed-84c2-8afbeb371208,USD,0.99,0.99
22581,28012,2010-05-22 23:58:39,271a6610-5bcb-11ed-84c2-8afbeb371208,EUR,0.99,1.287
22627,27835,2010-05-22 23:42:47,43a8234e-5bcb-11ed-84c2-8afbeb371208,USD,0.99,0.99
22643,27916,2010-05-22 23:57:48,44884294-5bcb-11ed-84c2-8afbeb371208,EUR,0.99,1.287
22681,27688,2010-05-21 23:57:41,367820e8-5bcb-11ed-84c2-8afbeb371208,USD,0.99,0.99
22745,27757,2010-05-21 23:56:38,32d3c550-5bcb-11ed-84c2-8afbeb371208,EUR,0.99,1.287
22771,27902,2010-05-22 23:42:36,21c096c6-5bcb-11ed-84c2-8afbeb371208,USD,0.99,0.99
22828,27938,2010-05-22 23:58:01,486fe27c-5bcb-11ed-84c2-8afbeb371208,EUR,1.99,2.587
22902,27957,2010-05-22 23:58:29,3917f24c-5bcb-11ed-84c2-8afbeb371208,EUR,2.99,3.8870000000000005
23037,27988,2010-05-22 23:59:32,35554704-5bcb-11ed-84c2-8afbeb371208,EUR,0.99,1.287
23096,27953,2010-05-22 23:59:36,1b00c694-5bcb-11ed-84c2-8afbeb371208,EUR,0.99,1.287
23113,27830,2010-05-22 11:27:51,2f87a394-5bcb-11ed-84c2-8afbeb371208,EUR,9.99,12.987
23116,27432,2010-05-14 23:07:04,185df10a-5bcb-11ed-84c2-8afbeb371208,EUR,9.99,12.987
23123,28008,2010-05-22 23:57:20,3d75645a-5bcb-11ed-84c2-8afbeb371208,EUR,2.99,3.8870000000000005
23135,27669,2010-05-20 23:54:26,20774a62-5bcb-11ed-84c2-8afbeb371208,USD,9.99,9.99
23166,27960,2010-05-22 23:59:03,455bfcb0-5bcb-11ed-84c2-8afbeb371208,EUR,0.99,1.287
23203,27719,2010-05-21 23:55:35,2562f332-5bcb-11ed-84c2-8afbeb371208,USD,2.99,2.99
23215,27747,2010-05-21 23:54:47,1c96cc38-5bcb-11ed-84c2-8afbeb371208,USD,0.99,0.99
23384,27917,2010-05-22 23:59:37,1ea42548-5bcb-11ed-84c2-8afbeb371208,EUR,4.99,6.487
23404,28033,2010-05-22 23:57:54,210e290a-5bcb-11ed-84c2-8afbeb371208,EUR,0.99,1.287
23408,27882,2010-05-22 20:20:48,44e7d6c8-5bcb-11ed-84c2-8afbeb371208,EUR,2.99,3.8870000000000005
23415,27581,2010-05-19 22:11:38,1e813704-5bcb-11ed-84c2-8afbeb371208,EUR,1.99,2.587
23490,27847,2010-05-22 20:48:28,3853f734-5bcb-11ed-84c2-8afbeb371208,EUR,0.99,1.287
23515,28002,2010-05-22 23:58:55,2d783af0-5bcb-11ed-84c2-8afbeb371208,EUR,0.99,1.287
23530,27553,2010-05-19 20:24:25,1ad6036e-5bcb-11ed-84c2-8afbeb371208,EUR,0.99,1.287
23551,27651,2010-05-20 23:49:53,1f390dd4-5bcb-11ed-84c2-8afbeb371208,EUR,1.99,2.587
23586,27919,2010-05-22 23:57:52,41feff40-5bcb-11ed-84c2-8afbeb371208,EUR,0.99,1.287
23690,27689,2010-05-21 23:55:33,39c019ea-5bcb-11ed-84c2-8afbeb371208,USD,9.99,9.99
23712,27993,2010-05-22 23:59:04,4b00efb8-5bcb-11ed-84c2-8afbeb371208,EUR,1.99,2.587
23750,27823,2010-05-21 23:58:29,2a8ab2f0-5bcb-11ed-84c2-8afbeb371208,EUR,0.99,1.287
23753,27487,2010-05-17 19:07:23,18d3bea8-5bcb-11ed-84c2-8afbeb371208,EUR,0.99,1.287
23768,27445,2010-05-15 12:10:42,1910d7f2-5bcb-11ed-84c2-8afbeb371208,USD,0.99,0.99
23780,28005,2010-05-22 23:59:05,4309ea4e-5bcb-11ed-84c2-8afbeb371208,EUR,0.99,1.287
23833,27650,2010-05-20 23:33:49,24684252-5bcb-11ed-84c2-8afbeb371208,USD,4.99,4.99
23862,27449,2010-05-16 19:07:59,1997ad72-5bcb-11ed-84c2-8afbeb371208,USD,0.99,0.99
23931,27602,2010-05-20 17:09:37,24c85d86-5bcb-11ed-84c2-8afbeb371208,EUR,2.99,3.8870000000000005
23947,27717,2010-05-21 23:57:25,1ed784f6-5bcb-11ed-84c2-8afbeb371208,EUR,0.99,1.287
24045,27633,2010-05-20 23:24:10,196b0c40-5bcb-11ed-84c2-8afbeb371208,EUR,0.99,1.287
24077,27826,2010-05-21 23:55:37,2ea8455a-5bcb-11ed-84c2-8afbeb371208,EUR,9.99,12.987
24095,27850,2010-05-22 18:47:52,31e088ea-5bcb-11ed-84c2-8afbeb371208,EUR,1.99,2.587
24125,27642,2010-05-20 23:43:05,1deab068-5bcb-11ed-84c2-8afbeb371208,EUR,0.99,1.287
24207,27836,2010-05-22 18:27:50,497fec34-5bcb-11ed-84c2-8afbeb371208,EUR,2.99,3.8870000000000005
24241,27728,2010-05-21 23:54:28,248cdcf2-5bcb-11ed-84c2-8afbeb371208,EUR,4.99,6.487
24314,27447,2010-05-15 18:49:43,18df1424-5bcb-11ed-84c2-8afbeb371208,EUR,0.99,1.287
24327,27560,2010-05-19 22:16:45,19abf106-5bcb-11ed-84c2-8afbeb371208,USD,1.99,1.99
24333,27439,2010-05-15 20:08:58,194bbe58-5bcb-11ed-84c2-8afbeb371208,EUR,9.99,12.987
24354,27796,2010-05-21 23:58:35,3670bcb8-5bcb-11ed-84c2-8afbeb371208,USD,2.99,2.99
24499,27435,2010-05-14 23:08:51,16db8522-5bcb-11ed-84c2-8afbeb371208,EUR,9.99,12.987
24524,27501,2010-05-18 23:41:19,1cb26326-5bcb-11ed-84c2-8afbeb371208,EUR,1.99,2.587
24544,28029,2010-05-22 23:58:27,20c985e8-5bcb-11ed-84c2-8afbeb371208,EUR,0.99,1.287
24549,27579,2010-05-19 21:49:14,203c0420-5bcb-11ed-84c2-8afbeb371208,EUR,9.99,12.987
24616,27778,2010-05-21 23:58:04,22649776-5bcb-11ed-84c2-8afbeb371208,EUR,2.99,3.8870000000000005
24629,27865,2010-05-22 21:44:35,36e9d3c8-5bcb-11ed-84c2-8afbeb371208,EUR,1.99,2.587
24642,27990,2010-05-22 23:59:58,4af4080c-5bcb-11ed-84c2-8afbeb371208,EUR,1.99,2.587
24679,27718,2010-05-21 23:57:32,26b35772-5bcb-11ed-84c2-8afbeb371208,USD,0.99,0.99
24751,27473,2010-05-17 19:22:20,1adf4712-5bcb-11ed-84c2-8afbeb371208,EUR,1.99,2.587
24956,27641,2010-05-20 23:13:32,23c600f0-5bcb-11ed-84c2-8afbeb371208,USD,0.99,0.99
24967,27584,2010-05-19 23:29:38,215983f0-5bcb-11ed-84c2-8afbeb371208,EUR,1.99,2.587
24971,27614,2010-05-20 19:24:12,2d05df46-5bcb-11ed-84c2-8afbeb371208,USD,0.99,0.99
24997,28014,2010-05-22 23:57:43,3d55d7a2-5bcb-11ed-84c2-8afbeb371208,USD,0.99,0.99
25049,27810,2010-05-21 23:58:52,38a17090-5bcb-11ed-84c2-8afbeb371208,EUR,0.99,1.287
25081,27618,2010-05-20 22:59:44,21d152ea-5bcb-11ed-84c2-8afbeb371208,USD,0.99,0.99
25092,27867,2010-05-22 20:32:40,3da39370-5bcb-11ed-84c2-8afbeb371208,EUR,2.99,3.8870000000000005
25095,27791,2010-05-21 23:56:44,21c6331a-5bcb-11ed-84c2-8afbeb371208,USD,2.99,2.99
25119,27505,2010-05-18 23:47:56,17f29360-5bcb-11ed-84c2-8afbeb371208,EUR,9.99,12.987
25123,27694,2010-05-21 23:54:08,2fc8006a-5bcb-11ed-84c2-8afbeb371208,EUR,1.99,2.587
25153,27738,2010-05-21 23:54:23,196ecfa6-5bcb-11ed-84c2-8afbeb371208,EUR,1.99,2.587
25167,27475,2010-05-17 23:03:46,18991212-5bcb-11ed-84c2-8afbeb371208,USD,0.99,0.99
25302,27540,2010-05-19 20:22:33,1d39870c-5bcb-11ed-84c2-8afbeb371208,USD,1.99,1.99
25354,27818,2010-05-21 23:56:54,31100134-5bcb-11ed-84c2-8afbeb371208,EUR,2.99,3.8870000000000005
25360,27913,2010-05-22 23:50:01,23adff6e-5bcb-11ed-84c2-8afbeb371208,EUR,1.99,2.587
25390,27569,2010-05-19 20:56:45,18d97d20-5bcb-11ed-84c2-8afbeb371208,USD,1.99,1.99
25408,27972,2010-05-22 23:57:39,3d0a31c6-5bcb-11ed-84c2-8afbeb371208,EUR,0.99,1.287
25441,27697,2010-05-21 23:56:52,20f9e918-5bcb-11ed-84c2-8afbeb371208,EUR,0.99,1.287
25466,27617,2010-05-20 23:16:14,1e8322ee-5bcb-11ed-84c2-8afbeb371208,EUR,0.99,1.287
25493,27982,2010-05-22 23:59:27,3cc80062-5bcb-11ed-84c2-8afbeb371208,USD,0.99,0.99
25589,27516,2010-05-18 23:35:21,195c24aa-5bcb-11ed-84c2-8afbeb371208,EUR,9.99,12.987
25608,27811,2010-05-21 23:59:53,2f3a6520-5bcb-11ed-84c2-8afbeb371208,EUR,1.99,2.587
25644,27568,2010-05-19 20:22:59,17da9512-5bcb-11ed-84c2-8afbeb371208,EUR,0.99,1.287
25742,27840,2010-05-22 18:42:50,49a1086a-5bcb-11ed-84c2-8afbeb371208,USD,0.99,0.99
25744,27507,2010-05-18 23:03:29,1a4a238a-5bcb-11ed-84c2-8afbeb371208,USD,0.99,0.99
25750,28049,2010-05-22 23:57:48,346b34de-5bcb-11ed-84c2-8afbeb371208,EUR,0.99,1.287
25798,28026,2010-05-22 23:58:47,1b48bd1e-5bcb-11ed-84c2-8afbeb371208,EUR,0.99,1.287
25873,27906,2010-05-22 23:43:03,443b08da-5bcb-11ed-84c2-8afbeb371208,EUR,0.99,1.287
25878,27983,2010-05-22 23:58:06,1a55106a-5bcb-11ed-84c2-8afbeb371208,EUR,0.99,1.287
25905,27968,2010-05-22 23:59:17,2ff3e4d2-5bcb-11ed-84c2-8afbeb371208,EUR,9.99,12.987
25949,27550,2010-05-19 23:22:08,21f9dbde-5bcb-11ed-84c2-8afbeb371208,EUR,1.99,2.587
25975,27891,2010-05-22 21:54:34,22a866a4-5bcb-11ed-84c2-8afbeb371208,USD,0.99,0.99
26005,27954,2010-05-22 23:59:52,1a0f6790-5bcb-11ed-84c2-8afbeb371208,EUR,1.99,2.587
26028,27547,2010-05-19 22:07:20,1b84f2c0-5bcb-11ed-84c2-8afbeb371208,EUR,0.99,1.287
26044,27442,2010-05-15 21:11:19,18814bf0-5bcb-11ed-84c2-8afbeb371208,EUR,2.99,3.8870000000000005
26057,27784,2010-05-21 23:55:24,1d67f3da-5bcb-11ed-84c2-8afbeb371208,EUR,1.99,2.587
26085,27485,2010-05-17 22:10:16,19a67e88-5bcb-11ed-84c2-8afbeb371208,USD,2.99,2.99
26104,27469,2010-05-17 11:09:10,1b3a277c-5bcb-11ed-84c2-8afbeb371208,EUR,0.99,1.287
26111,27477,2010-05-17 19:40:23,171a586a-5bcb-11ed-84c2-8afbeb371208,EUR,4.99,6.487
26112,27984,2010-05-22 23:58:02,297833f6-5bcb-11ed-84c2-8afbeb371208,EUR,2.99,3.8870000000000005
26192,27947,2010-05-22 23:58:15,4c633a3c-5bcb-11ed-84c2-8afbeb371208,EUR,2.99,3.8870000000000005
26292,27820,2010-05-21 23:58:37,1b2f35e2-5bcb-11ed-84c2-8afbeb371208,EUR,1.99,2.587
26362,27570,2010-05-19 23:04:02,16f656e0-5bcb-11ed-84c2-8afbeb371208,EUR,0.99,1.287
26367,28006,2010-05-22 23:59:01,1be87a34-5bcb-11ed-84c2-8afbeb371208,USD,0.99,0.99
26387,27967,2010-05-22 23:58:14,2c51d3d4-5bcb-11ed-84c2-8afbeb371208,USD,9.99,9.99
26401,27955,2010-05-22 23:59:00,27ede81e-5bcb-11ed-84c2-8afbeb371208,EUR,2.99,3.8870000000000005
26481,27671,2010-05-20 23:20:07,2badf2c8-5bcb-11ed-84c2-8afbeb371208,USD,1.99,1.99
26522,28040,2010-05-22 23:59:56,3a1392fa-5bcb-11ed-84c2-8afbeb371208,EUR,2.99,3.8870000000000005
26544,27941,2010-05-22 23:59:59,426ebb96-5bcb-11ed-84c2-8afbeb371208,EUR,4.99,6.487
26551,27645,2010-05-20 23:11:03,1cc33962-5bcb-11ed-84c2-8afbeb371208,USD,0.99,0.99
26606,27976,2010-05-22 23:59:10,1fe06c0a-5bcb-11ed-84c2-8afbeb371208,EUR,2.99,3.8870000000000005
26632,27772,2010-05-21 23:57:33,391dc898-5bcb-11ed-84c2-8afbeb371208,USD,0.99,0.99
26639,27908,2010-05-22 23:56:25,41564bde-5bcb-11ed-84c2-8afbeb371208,USD,0.99,0.99
26683,27781,2010-05-21 23:59:27,1a67aa36-5bcb-11ed-84c2-8afbeb371208,USD,0.99,0.99
26758,27655,2010-05-20 23:12:17,2ab39e22-5bcb-11ed-84c2-8afbeb371208,EUR,1.99,2.587
26804,27873,2010-05-22 21:50:50,40738eb6-5bcb-11ed-84c2-8afbeb371208,EUR,0.99,1.287
26834,27425,2010-05-12 20:32:04,1703a1ba-5bcb-11ed-84c2-8afbeb371208,EUR,0.99,1.287
26840,27638,2010-05-20 23:15:05,2cd24ca8-5bcb-11ed-84c2-8afbeb371208,EUR,1.99,2.587
26866,27626,2010-05-20 23:32:31,1f92dbe8-5bcb-11ed-84c2-8afbeb371208,USD,0.99,0.99
26878,28031,2010-05-22 23:58:19,21687b12-5bcb-11ed-84c2-8afbeb371208,EUR,2.99,3.8870000000000005
26906,27997,2010-05-22 23:58:25,2bbe98c6-5bcb-11ed-84c2-8afbeb371208,EUR,1.99,2.587
26911,27907,2010-05-22 23:53:07,48a05c22-5bcb-11ed-84c2-8afbeb371208,EUR,1.99,2.587
26940,27987,2010-05-22 23:59:20,32c6b6c6-5bcb-11ed-84c2-8afbeb371208,EUR,1.99,2.587
26999,27876,2010-05-22 20:58:40,372f5cae-5bcb-11ed-84c2-8afbeb371208,EUR,0.99,1.287
27063,27648,2010-05-20 23:39:03,1e938c42-5bcb-11ed-84c2-8afbeb371208,EUR,0.99,1.287
27074,27531,2010-05-19 18:49:01,1e55649e-5bcb-11ed-84c2-8afbeb371208,EUR,0.99,1.287
27100,27431,2010-05-14 23:12:48,186568c2-5bcb-11ed-84c2-8afbeb371208,EUR,0.99,1.287
27152,27841,2010-05-22 21:37:53,31d37eb6-5bcb-11ed-84c2-8afbeb371208,EUR,4.99,6.487
27167,28007,2010-05-22 23:57:23,2559dbb2-5bcb-11ed-84c2-8afbeb371208,EUR,0.99,1.287
27324,27622,2010-05-20 23:32:41,1bb1389e-5bcb-11ed-84c2-8afbeb371208,EUR,2.99,3.8870000000000005
27335,27483,2010-05-17 19:19:20,1a2546aa-5bcb-11ed-84c2-8afbeb371208,EUR,1.99,2.587
27342,27675,2010-05-20 23:18:51,1fe7ded6-5bcb-11ed-84c2-8afbeb371208,EUR,0.99,1.287
27372,27588,2010-05-19 22:28:43,1fe6084a-5bcb-11ed-84c2-8afbeb371208,EUR,1.99,2.587
27388,27989,2010-05-22 23:57:20,35218b3a-5bcb-11ed-84c2-8afbeb371208,USD,0.99,0.99
27395,27467,2010-05-17 23:00:50,1972854c-5bcb-11ed-84c2-8afbeb371208,USD,0.99,0.99
27397,27486,2010-05-17 23:48:36,1b191c4e-5bcb-11ed-84c2-8afbeb371208,EUR,2.99,3.8870000000000005
27416,27674,2010-05-20 23:55:48,21c26dca-5bcb-11ed-84c2-8afbeb371208,EUR,0.99,1.287
27422,27999,2010-05-22 23:59:25,24667788-5bcb-11ed-84c2-8afbeb371208,EUR,0.99,1.287
27455,27709,2010-05-21 23:57:10,19f002ec-5bcb-11ed-84c2-8afbeb371208,EUR,1.99,2.587
27470,27949,2010-05-22 23:58:22,26ec381c-5bcb-11ed-84c2-8afbeb371208,EUR,2.99,3.8870000000000005
27514,27436,2010-05-14 23:53:02,17b4454c-5bcb-11ed-84c2-8afbeb371208,EUR,0.99,1.287
27610,27422,2010-05-10 04:01:02,16e32d86-5bcb-11ed-84c2-8afbeb371208,EUR,2.99,3.8870000000000005
27616,27607,2010-05-20 23:02:22,20a8710a-5bcb-11ed-84c2-8afbeb371208,EUR,0.99,1.287
27648,27777,2010-05-21 23:57:14,1c03f926-5bcb-11ed-84c2-8afbeb371208,USD,0.99,0.99
27693,27515,2010-05-18 23:09:22,1dbb1b82-5bcb-11ed-84c2-8afbeb371208,EUR,1.99,2.587
27715,28047,2010-05-22 23:58:26,2203121c-5bcb-11ed-84c2-8afbeb371208,EUR,2.99,3.8870000000000005
27739,27527,2010-05-18 23:59:19,1cab05ea-5bcb-11ed-84c2-8afbeb371208,EUR,2.99,3.8870000000000005
27825,27746,2010-05-21 23:54:05,1628d09e-5bcb-11ed-84c2-8afbeb371208,EUR,2.99,3.8870000000000005
27838,27598,2010-05-20 21:48:06,2d557cae-5bcb-11ed-84c2-8afbeb371208,EUR,2.99,3.8870000000000005
28010,27542,2010-05-19 14:28:08,20688aae-5bcb-11ed-84c2-8afbeb371208,EUR,2.99,3.8870000000000005
28022,27539,2010-05-19 17:09:10,1c0b89a2-5bcb-11ed-84c2-8afbeb371208,USD,0.99,0.99
